Plot Item,Plot Title,LSL,USL,To Plot,Figure
M151_600NITS_W511_FOS GDS st_edg_GDS_Size,M151_600NITS_W511_FOS GDS st_edg_GDS_Size,,7,Yes,600NITS W511 | GDS
M151_600NITS_W511_FOS GDS st_edg_GDS_Dimen1,M151_600NITS_W511_FOS GDS st_edg_GDS_Dimen1,,7,Yes,600NITS W511 | GDS
M151_600NITS_W511_FOS BLSH contrastDS_edge_1,M151_600NITS_W511_FOS BLSH contrastDS_edge_1,,15,Yes,600NITS W511 | BLSH
M151_600NITS_W511_FOS BLSH contrastDS_corner_1,M151_600NITS_W511_FOS BLSH contrastDS_corner_1,,10,Yes,600NITS W511 | BLSH
M151_600NITS_W511_FOS BLSH contrastDS_1,M151_600NITS_W511_FOS BLSH contrastDS_1,,10,Yes,600NITS W511 | BLSH
M151_600NITS_W511_FOS BLSH Band_V_bright,M151_600NITS_W511_FOS BLSH Band_V_bright,,2,Yes,600NITS W511 | BLSH
M151_600NITS_W511_FOS BLSH Band_H_bright,M151_600NITS_W511_FOS BLSH Band_H_bright,,2,Yes,600NITS W511 | BLSH
M151_600NITS_W127_FOS BLSH litPixel_max_edg,M151_600NITS_W127_FOS BLSH litPixel_max_edg,,11,Yes,600NITS W127 | BLSH litPixel
M151_600NITS_W127_FOS BLSH litPixel_max_cor,M151_600NITS_W127_FOS BLSH litPixel_max_cor,,5,Yes,600NITS W127 | BLSH litPixel
M151_600NITS_W127_FOS BLSH litPixel_max_cen,M151_600NITS_W127_FOS BLSH litPixel_max_cen,,8.5,Yes,600NITS W127 | BLSH litPixel
M151_600NITS_W127_FOS BLSH dimPixel_max_edg,M151_600NITS_W127_FOS BLSH dimPixel_max_edg,,13,Yes,600NITS W127 | BLSH dimPixel
M151_600NITS_W127_FOS BLSH dimPixel_max_cor,M151_600NITS_W127_FOS BLSH dimPixel_max_cor,,10,Yes,600NITS W127 | BLSH dimPixel
M151_600NITS_W127_FOS BLSH dimPixel_max_cen,M151_600NITS_W127_FOS BLSH dimPixel_max_cen,,25,Yes,600NITS W127 | BLSH dimPixel
M151_600NITS_W127_FOS BLSH dimLine_v_Index,M151_600NITS_W127_FOS BLSH dimLine_v_Index,,6.5,Yes,600NITS W127 | BLSH dimPixel
M151_600NITS_W127_FOS BLSH dimLine_h_Index,M151_600NITS_W127_FOS BLSH dimLine_h_Index,,3,Yes,600NITS W127 | BLSH dimPixel
M151_600NITS_W127_FOS BLSH contrastWS_edge_1,M151_600NITS_W127_FOS BLSH contrastWS_edge_1,,6,Yes,600NITS W127 | BLSH contrast
M151_600NITS_W127_FOS BLSH contrastWS_corner_1,M151_600NITS_W127_FOS BLSH contrastWS_corner_1,,1,Yes,600NITS W127 | BLSH contrast
M151_600NITS_W127_FOS BLSH contrastWS_1,M151_600NITS_W127_FOS BLSH contrastWS_1,,1.1,Yes,600NITS W127 | BLSH contrast
M151_600NITS_W127_FOS BLSH contrastDS_edge_1,M151_600NITS_W127_FOS BLSH contrastDS_edge_1,,20,Yes,600NITS W127 | BLSH contrast
M151_600NITS_W127_FOS BLSH contrastDS_corner_1,M151_600NITS_W127_FOS BLSH contrastDS_corner_1,,1,Yes,600NITS W127 | BLSH contrast
M151_600NITS_W127_FOS BLSH contrastDS_1,M151_600NITS_W127_FOS BLSH contrastDS_1,,9,Yes,600NITS W127 | BLSH contrast
M151_600NITS_W127_FOS BLSH dimPixel_total_volume,M151_600NITS_W127_FOS BLSH dimPixel_total_volume,,0.15,Yes,600NITS W127 | BLSH
M151_600NITS_W127_FOS BLSH dimPixel_max_volume,M151_600NITS_W127_FOS BLSH dimPixel_max_volume,,0.15,Yes,600NITS W127 | BLSH
M151_600NITS_W127_FOS BLSH Band_V_bright,M151_600NITS_W127_FOS BLSH Band_V_bright,,3,Yes,600NITS W127 | BLSH
M151_600NITS_W127_FOS BLSH Band_H_bright,M151_600NITS_W127_FOS BLSH Band_H_bright,,3,Yes,600NITS W127 | BLSH
M151_100NITS_W31_FOS EM MaxNoiseRatioScore,M151_100NITS_W31_FOS EM MaxNoiseRatioScore,,0.9,Yes,100NITS W31 | EM
M151_100NITS_W31_FOS EM MaxBrightEdgeScore,M151_100NITS_W31_FOS EM MaxBrightEdgeScore,,5,Yes,100NITS W31 | EM
M151_100NITS_W31_FOS BLSH multiline_mura_score,M151_100NITS_W31_FOS BLSH multiline_mura_score,,40,Yes,100NITS W31 | litPixel
M151_100NITS_W31_FOS BLSH litPixel_max_edg,M151_100NITS_W31_FOS BLSH litPixel_max_edg,,70,Yes,100NITS W31 | litPixel
M151_100NITS_W31_FOS BLSH litPixel_max_cor,M151_100NITS_W31_FOS BLSH litPixel_max_cor,,50,Yes,100NITS W31 | litPixel
M151_100NITS_W31_FOS BLSH litPixel_max_cen,M151_100NITS_W31_FOS BLSH litPixel_max_cen,,50,Yes,100NITS W31 | litPixel
M151_100NITS_W31_FOS BLSH dimPixel_total_volume,M151_100NITS_W31_FOS BLSH dimPixel_total_volume,,40,Yes,100NITS W31 | Sandy
M151_100NITS_W31_FOS BLSH dimLine_v_Index,M151_100NITS_W31_FOS BLSH dimLine_v_Index,,40,Yes,100NITS W31 | Sandy
M151_100NITS_W31_FOS BLSH dimLine_h_Index,M151_100NITS_W31_FOS BLSH dimLine_h_Index,,40,Yes,100NITS W31 | Sandy
M151_100NITS_W31_FOS BLSH contrastWS_edge_1,M151_100NITS_W31_FOS BLSH contrastWS_edge_1,,190,Yes,100NITS W31 | contrast
M151_100NITS_W31_FOS BLSH contrastWS_corner_1,M151_100NITS_W31_FOS BLSH contrastWS_corner_1,,100,Yes,100NITS W31 | contrast
M151_100NITS_W31_FOS BLSH contrastWS_1,M151_100NITS_W31_FOS BLSH contrastWS_1,,100,Yes,100NITS W31 | contrast
M151_100NITS_W31_FOS BLSH contrastDS_edge_1,M151_100NITS_W31_FOS BLSH contrastDS_edge_1,,190,Yes,100NITS W31 | contrast
M151_100NITS_W31_FOS BLSH contrastDS_corner_1,M151_100NITS_W31_FOS BLSH contrastDS_corner_1,,100,Yes,100NITS W31 | contrast
M151_100NITS_W31_FOS BLSH contrastDS_1,M151_100NITS_W31_FOS BLSH contrastDS_1,,100,Yes,100NITS W31 | contrast
M151_100NITS_W31_FOS BLSH Band_V_d12_cen,M151_100NITS_W31_FOS BLSH Band_V_d12_cen,,7,Yes,100NITS W31 | BLSH Band
M151_100NITS_W31_FOS BLSH Band_V_bright,M151_100NITS_W31_FOS BLSH Band_V_bright,,4.5,Yes,100NITS W31 | BLSH Band
M151_100NITS_W31_FOS BLSH Band_H_d12_cen,M151_100NITS_W31_FOS BLSH Band_H_d12_cen,,7,Yes,100NITS W31 | BLSH Band
M151_100NITS_W31_FOS BLSH Band_H_bright,M151_100NITS_W31_FOS BLSH Band_H_bright,,4.5,Yes,100NITS W31 | BLSH Band
LT4_FOS_600NITS_W511_10HZ WU GLumUniformity,LT4_FOS_600NITS_W511_10HZ WU GLumUniformity,85,100,Yes,600NITS W511 | WU dY
LT4_FOS_600NITS_W511_10HZ WU duvOverPanel,LT4_FOS_600NITS_W511_10HZ WU duvOverPanel,,0.0093,Yes,600NITS W511 | WU dY
LT4_FOS_600NITS_W511_10HZ WU duvShortEdge,LT4_FOS_600NITS_W511_10HZ WU duvShortEdge,,0.005,Yes,600NITS W511 | WU
LT4_FOS_600NITS_W511_10HZ WU duvWRTCen,LT4_FOS_600NITS_W511_10HZ WU duvWRTCen,,0.0071,Yes,600NITS W511 | WU
LT4_FOS_600NITS_W511_10HZ WU duvWorstNeig,LT4_FOS_600NITS_W511_10HZ WU duvWorstNeig,,0.0032,Yes,600NITS W511 | WU
LT4_FOS_600NITS_W511_10HZ WU duvLongEdge,LT4_FOS_600NITS_W511_10HZ WU duvLongEdge,,0.005,Yes,600NITS W511 | WU
LT4_FOS_600NITS_W511_10HZ CU DUVCen,LT4_FOS_600NITS_W511_10HZ CU DUVCen,,5.5,Yes,600NITS W511 | CU
LT4_FOS_600NITS_W511_10HZ CU DUVEdge,LT4_FOS_600NITS_W511_10HZ CU DUVEdge,,5.5,Yes,600NITS W511 | CU
LT4_FOS_600NITS_W511_10HZ CU LUCen,LT4_FOS_600NITS_W511_10HZ CU LUCen,,0.6,Yes,600NITS W511 | CU
LT4_FOS_600NITS_W511_10HZ CU LUEdge,LT4_FOS_600NITS_W511_10HZ CU LUEdge,,0.6,Yes,600NITS W511 | CU
LT4_FOS_600NITS_W511_10HZ BLSH dimLine_h_Index,LT4_FOS_600NITS_W511_10HZ BLSH dimLine_h_Index,,5,Yes,600NITS W511 | dimLine
LT4_FOS_600NITS_W511_10HZ BLSH dimLine_h_subRegionMax,LT4_FOS_600NITS_W511_10HZ BLSH dimLine_h_subRegionMax,,5,Yes,600NITS W511 | dimLine
LT4_FOS_600NITS_W511_10HZ BLSH dimLine_v_Index,LT4_FOS_600NITS_W511_10HZ BLSH dimLine_v_Index,,4.5,Yes,600NITS W511 | dimLine
LT4_FOS_600NITS_W511_10HZ BLSH dimLine_v_subRegionMax,LT4_FOS_600NITS_W511_10HZ BLSH dimLine_v_subRegionMax,,4.5,Yes,600NITS W511 | dimLine
LT4_FOS_600NITS_W511_10HZ BLSH multiBand_H,LT4_FOS_600NITS_W511_10HZ BLSH multiBand_H,,2.5,Yes,600NITS W511 | dimLine
LT4_FOS_600NITS_W21_10HZ WU GLumUniformity,LT4_FOS_600NITS_W21_10HZ WU GLumUniformity,75,100,Yes,600NITS W21 | WU dY
LT4_FOS_600NITS_W21_10HZ WU duvOverPanel,LT4_FOS_600NITS_W21_10HZ WU duvOverPanel,,0.01,Yes,600NITS W21 | WU dY
LT4_FOS_600NITS_W21_10HZ WU duvShortEdge,LT4_FOS_600NITS_W21_10HZ WU duvShortEdge,,0.0055,Yes,600ITS W21 | WU
LT4_FOS_600NITS_W21_10HZ WU duvWRTCen,LT4_FOS_600NITS_W21_10HZ WU duvWRTCen,,0.0083,Yes,600ITS W21 | WU
LT4_FOS_600NITS_W21_10HZ WU duvWorstNeig,LT4_FOS_600NITS_W21_10HZ WU duvWorstNeig,,0.0042,Yes,600ITS W21 | WU
LT4_FOS_600NITS_W21_10HZ WU duvLongEdge,LT4_FOS_600NITS_W21_10HZ WU duvLongEdge,,0.0055,Yes,600ITS W21 | WU
LT4_FOS_600NITS_W21_10HZ CU DUVCen,LT4_FOS_600NITS_W21_10HZ CU DUVCen,,13,Yes,600ITS W21 | CU
LT4_FOS_600NITS_W21_10HZ CU DUVEdge,LT4_FOS_600NITS_W21_10HZ CU DUVEdge,,13,Yes,600ITS W21 | CU
LT4_FOS_600NITS_W21_10HZ CU LUCen,LT4_FOS_600NITS_W21_10HZ CU LUCen,,1.1,Yes,600ITS W21 | CU
LT4_FOS_600NITS_W21_10HZ CU LUEdge,LT4_FOS_600NITS_W21_10HZ CU LUEdge,,1.1,Yes,600ITS W21 | CU
LT4_FOS_600NITS_W21_10HZ BLSH dimLine_h_Index,LT4_FOS_600NITS_W21_10HZ BLSH dimLine_h_Index,,5,Yes,600ITS W21 | dimLine
LT4_FOS_600NITS_W21_10HZ BLSH dimLine_h_subRegionMax,LT4_FOS_600NITS_W21_10HZ BLSH dimLine_h_subRegionMax,,5,Yes,600ITS W21 | dimLine
LT4_FOS_600NITS_W21_10HZ BLSH dimLine_v_Index,LT4_FOS_600NITS_W21_10HZ BLSH dimLine_v_Index,,5,Yes,600ITS W21 | dimLine
LT4_FOS_600NITS_W21_10HZ BLSH dimLine_v_subRegionMax,LT4_FOS_600NITS_W21_10HZ BLSH dimLine_v_subRegionMax,,5,Yes,600ITS W21 | dimLine
LT4_FOS_600NITS_W21_10HZ BLSH multiBand_H,LT4_FOS_600NITS_W21_10HZ BLSH multiBand_H,,6.4,Yes,600ITS W21 | dimLine
LT4_FOS_600NITS_W21_10HZ BLSH multiBand_V,LT4_FOS_600NITS_W21_10HZ BLSH multiBand_V,,6.4,Yes,600ITS W21 | dimLine
LT4_FOS_60NITS_W38_10HZ WU GLumUniformity,LT4_FOS_60NITS_W38_10HZ WU GLumUniformity,70,100,Yes,60NITS W38 | WU dY
LT4_FOS_60NITS_W38_10HZ WU duvOverPanel,LT4_FOS_60NITS_W38_10HZ WU duvOverPanel,,0.025,Yes,60NITS W38 | WU dY
LT4_FOS_10NITS_W63_10HZ WU GLumUniformity,LT4_FOS_10NITS_W63_10HZ WU GLumUniformity,70,100,Yes,10NITS W63 | WU dY
LT4_FOS_10NITS_W63_10HZ WU duvOverPanel,LT4_FOS_10NITS_W63_10HZ WU duvOverPanel,,0.025,Yes,10NITS W63 | WU dY
LT4_FOS_10NITS_W63_10HZ CU DUVCen,LT4_FOS_10NITS_W63_10HZ CU DUVCen,,13,Yes,10NITS W63 | CU
LT4_FOS_10NITS_W63_10HZ CU DUVEdge,LT4_FOS_10NITS_W63_10HZ CU DUVEdge,,13,Yes,10NITS W63 | CU
LT4_FOS_10NITS_W63_10HZ CU LUCen,LT4_FOS_10NITS_W63_10HZ CU LUCen,,1.1,Yes,10NITS W63 | CU
LT4_FOS_10NITS_W63_10HZ CU LUEdge,LT4_FOS_10NITS_W63_10HZ CU LUEdge,,1.1,Yes,10NITS W63 | CU
LT4_FOS_10NITS_W63_10HZ BLSH dimLine_h_Index,LT4_FOS_10NITS_W63_10HZ BLSH dimLine_h_Index,,8,Yes,10NITS W63 | dimLine
LT4_FOS_10NITS_W63_10HZ BLSH dimLine_h_subRegionMax,LT4_FOS_10NITS_W63_10HZ BLSH dimLine_h_subRegionMax,,8,Yes,10NITS W63 | dimLine
LT4_FOS_10NITS_W63_10HZ BLSH dimLine_v_Index,LT4_FOS_10NITS_W63_10HZ BLSH dimLine_v_Index,,8.5,Yes,10NITS W63 | dimLine
LT4_FOS_10NITS_W63_10HZ BLSH dimLine_v_subRegionMax,LT4_FOS_10NITS_W63_10HZ BLSH dimLine_v_subRegionMax,,8.5,Yes,10NITS W63 | dimLine
LT4_FOS_10NITS_W63_10HZ BLSH multiBand2_H,LT4_FOS_10NITS_W63_10HZ BLSH multiBand2_H,,15,Yes,10NITS W63 | dimLine
LT4_FOS_10NITS_W63_10HZ BLSH multiBand2_V,LT4_FOS_10NITS_W63_10HZ BLSH multiBand2_V,,15,Yes,10NITS W63 | dimLine
